{
    "normals":[0.577349,-0.577349,-0.577349,0.577349,-0.577349,0.577349,-0.577349,-0.577349,0.577349,-0.577349,-0.577349,-0.577349,0.577349,0.577349,-0.577349,-0.577349,0.577349,-0.577349,-0.577349,0.577349,0.577349,0.577349,0.577349,0.577349],
    "metadata":{
        "faces":6,
        "type":"Geometry",
        "vertices":8,
        "uvs":1,
        "version":3,
        "normals":8,
        "generator":"io_three"
    },
    "vertices":[1,-1,-1,1,-1,1,-1,-1,1,-1,-1,-1,1,1,-1,0.999999,1,1,-1,1,1,-1,1,-1],
    "uvs":[[0,0,1,0,1,1,0,1]],
    "name":"CubeGeometry.1",
    "faces":[41,0,1,2,3,0,1,2,3,0,1,2,3,41,4,7,6,5,0,1,2,3,4,5,6,7,41,0,4,5,1,0,1,2,3,0,4,7,1,41,1,5,6,2,0,1,2,3,1,7,6,2,41,2,6,7,3,0,1,2,3,2,6,5,3,41,4,0,3,7,0,1,2,3,4,0,3,5]
}