{
    "materials":[{
        "colorEmissive":[0,0,0],
        "DbgColor":15658734,
        "shading":"phong",
        "DbgIndex":0,
        "DbgName":"steel",
        "depthTest":true,
        "transparent":false,
        "specularCoef":50,
        "colorSpecular":[0.5,0.5,0.5],
        "visible":true,
        "wireframe":false,
        "colorDiffuse":[0.456604,0.585322,0.64],
        "blending":"NormalBlending",
        "opacity":1,
        "depthWrite":true
    },{
        "colorEmissive":[0,0,0],
        "DbgColor":60928,
        "shading":"phong",
        "DbgIndex":2,
        "DbgName":"gold",
        "depthTest":true,
        "transparent":false,
        "specularCoef":50,
        "colorSpecular":[0.5,0.5,0.5],
        "visible":true,
        "wireframe":false,
        "colorDiffuse":[0.465171,0.313521,0.01817],
        "blending":"NormalBlending",
        "opacity":1,
        "depthWrite":true
    },{
        "colorEmissive":[0,0,0],
        "DbgColor":15597568,
        "shading":"lambert",
        "DbgIndex":1,
        "DbgName":"brown",
        "depthTest":true,
        "transparent":false,
        "visible":true,
        "wireframe":false,
        "colorDiffuse":[0.181267,0.007265,0.001336],
        "blending":"NormalBlending",
        "opacity":1,
        "depthWrite":true
    }],
    "faces":[35,1,88,89,91,0,0,1,2,3,35,3,7,92,90,0,4,5,6,7,35,7,93,94,92,0,5,8,9,6,35,5,1,91,95,0,10,0,3,11,35,96,99,98,97,1,12,12,13,14,35,11,103,86,82,1,15,16,17,17,35,12,13,102,101,1,18,19,20,20,35,101,102,105,104,1,20,20,21,22,35,18,19,99,96,1,23,24,12,12,35,17,107,120,115,1,25,26,27,27,35,106,8,108,113,1,28,29,29,30,34,11,9,4,1,15,31,32,34,4,0,15,1,32,33,34,34,15,0,2,1,34,33,35,34,17,2,107,1,25,35,26,34,2,6,9,1,35,36,31,35,129,132,39,38,0,37,38,39,40,34,103,11,4,1,16,15,32,34,103,4,15,1,16,32,34,34,17,15,2,1,25,34,35,34,107,2,9,1,26,35,31,34,9,6,4,1,31,36,32,35,14,16,112,111,1,41,42,43,41,35,10,100,110,109,1,44,45,46,47,35,16,106,113,112,1,42,28,30,43,35,8,10,109,108,1,29,44,47,29,35,100,14,111,110,1,45,41,41,46,35,83,81,87,84,1,48,48,48,48,35,97,98,26,114,1,14,13,49,49,35,13,12,85,29,1,19,18,50,50,35,100,10,27,28,1,45,44,51,51,35,116,115,120,118,1,52,27,27,52,35,104,105,30,117,1,22,21,53,53,35,19,18,119,33,1,24,23,54,54,35,106,16,31,32,1,28,42,55,55,35,38,39,45,44,0,40,39,56,57,35,123,130,37,36,0,58,59,60,61,35,132,126,34,39,0,38,62,63,39,35,130,129,38,37,0,59,37,40,60,35,126,124,35,34,0,62,64,65,63,35,124,123,36,35,0,64,58,61,65,34,40,44,45,0,66,57,56,34,42,43,44,0,67,68,57,34,40,41,42,0,66,69,67,34,40,42,44,0,66,67,57,35,36,37,43,42,0,61,60,68,67,35,34,35,41,40,0,63,65,69,66,35,39,34,40,45,0,39,63,66,56,35,37,38,44,43,0,60,40,57,68,35,35,36,42,41,0,65,61,67,69,35,21,22,121,122,0,70,71,72,73,35,69,64,52,57,2,74,75,76,77,35,20,21,122,125,0,78,70,73,78,35,67,69,57,55,2,79,74,77,80,35,23,24,127,128,0,81,82,83,81,35,63,60,48,51,2,84,85,86,87,35,25,20,125,131,0,88,78,78,89,35,59,67,55,47,2,90,79,80,91,35,22,23,128,121,0,71,81,81,72,35,64,63,51,52,2,75,84,87,76,35,24,25,131,127,0,82,88,89,83,35,60,59,47,48,2,85,90,91,86,35,49,46,58,61,2,92,93,94,95,35,71,70,59,60,2,96,97,90,85,35,53,50,62,65,2,98,99,100,101,35,73,72,63,64,2,102,103,84,75,35,46,54,66,58,2,93,104,105,94,35,70,74,67,59,2,97,106,79,90,35,50,49,61,62,2,99,92,95,100,35,72,71,60,63,2,103,96,85,84,35,54,56,68,66,2,104,107,108,105,35,74,75,69,67,2,106,109,74,79,35,56,53,65,68,2,107,98,101,108,35,75,73,64,69,2,109,102,75,74,35,68,65,73,75,2,108,101,102,109,35,66,68,75,74,2,105,108,109,106,35,62,61,71,72,2,100,95,96,103,35,58,66,74,70,2,94,105,106,97,35,65,62,72,73,2,101,100,103,102,35,61,58,70,71,2,95,94,97,96,35,1,5,133,77,0,0,10,110,111,35,7,3,76,79,0,5,4,112,113,35,88,1,77,135,0,1,0,111,114,35,93,7,79,78,0,8,5,113,115,34,77,133,134,0,111,110,116,34,135,77,134,0,114,111,116,34,78,79,80,0,115,113,117,34,79,76,80,0,113,112,117],
    "name":"CubeGeometry.4",
    "normals":[0.038514,0.999237,0,0.034272,0.958495,-0.283029,0.003723,0.956908,-0.290262,0.003876,0.999969,0,0.034272,-0.958495,-0.283029,0.038514,-0.999237,0,0.003876,-0.999969,0,0.003723,-0.956908,-0.290262,0.034272,-0.958495,0.283029,0.003723,-0.956908,0.290262,0.034272,0.958495,0.283029,0.003723,0.956908,0.290262,0.127506,-0.991821,0,0.120212,-0.983581,0.134342,0.121097,-0.979369,0.161596,0.989959,-0.13477,0.042451,0.989959,0.13477,0.042451,0.970061,0,-0.242775,0.121097,0.979369,0.161596,0.120212,0.983581,0.134342,0.127506,0.991821,0,0.120212,0.983581,-0.134342,0.121097,0.979369,-0.161596,0.121097,-0.979369,-0.161596,0.120212,-0.983581,-0.134342,0.989959,0.13477,-0.042451,0.989959,-0.13477,-0.042451,0.908139,0,-0.418592,-0.950591,-0.071291,-0.302042,-0.888211,-0.459395,0,-0.94348,-0.281411,-0.174871,0.902585,-0.430464,0,0.971587,0,0.236671,0.894406,0.447188,0,0.902585,0.430464,0,0.971587,0,-0.236671,0.894406,-0.447188,0,0.166997,0.618091,-0.768151,0.166997,-0.618091,-0.768151,-0.083346,-0.59975,-0.795801,-0.083346,0.59975,-0.795801,-0.888211,0.459395,0,-0.950591,0.071291,-0.302042,-0.94348,0.281411,-0.174871,-0.950591,-0.071291,0.302042,-0.950591,0.071291,0.302042,-0.94348,0.281411,0.174871,-0.94348,-0.281411,0.174871,0.460128,0,0.887814,0.116184,-0.992645,0.033174,0.116184,0.992645,0.033174,-0.913755,0,0.406232,0.460128,0,-0.887814,0.116184,0.992645,-0.033174,0.116184,-0.992645,-0.033174,-0.913755,0,-0.406232,-0.719016,-0.445967,-0.533006,-0.719016,0.445967,-0.533006,0.166997,0.618091,0.768151,0.115482,0.993286,0,-0.062838,0.998016,0,-0.083346,0.59975,0.795801,0.115482,-0.993286,0,-0.062838,-0.998016,0,0.166997,-0.618091,0.768151,-0.083346,-0.59975,0.795801,-0.743828,-0.668355,0,-0.719016,0.445967,0.533006,-0.743828,0.668355,0,-0.719016,-0.445967,0.533006,-0.167882,-0.597217,0.784265,-0.167882,0.597217,0.784265,-0.166997,0.618091,0.768151,-0.166997,-0.618091,0.768151,-0.459304,-0.541032,0.704459,-0.459304,0.541032,0.704459,-0.851619,0.375134,0.365978,-0.85165,-0.375134,0.365978,-0.115482,-0.993286,0,-0.415784,-0.909452,0,-0.755699,-0.654897,0,-0.115482,0.993286,0,-0.167882,0.597217,-0.784265,-0.166997,0.618091,-0.768151,-0.415784,0.909452,0,-0.459304,0.541032,-0.704459,-0.851619,0.375134,-0.365978,-0.755669,0.654897,0,-0.167882,-0.597217,-0.784265,-0.166997,-0.618091,-0.768151,-0.459304,-0.541032,-0.704459,-0.85165,-0.375134,-0.365978,0.851619,0.375134,-0.365978,0.851619,-0.375164,-0.365978,0.459304,-0.541032,-0.704459,0.459304,0.541032,-0.704459,0,0.611011,-0.791589,0,-0.611011,-0.791589,0.851619,0.375164,0.365978,0.755669,0.654927,0,0.415754,0.909452,0,0.459304,0.541032,0.704459,0,0.611011,0.791589,0,1,0,0.755669,-0.654927,0,0.415754,-0.909452,0,0,-0.999969,0,0.851619,-0.375164,0.365978,0.459304,-0.541032,0.704459,0,-0.611011,0.791589,0.123661,0.954131,0.272591,0.154637,0.987945,0,0.123661,-0.954131,-0.272591,0.154637,-0.987945,0,0.123661,0.954131,-0.272591,0.123661,-0.954131,0.272591,0.239235,0.970946,0,0.239235,-0.970946,0],
    "uvs":[],
    "metadata":{
        "materials":3,
        "normals":118,
        "uvs":0,
        "faces":88,
        "version":3,
        "generator":"io_three",
        "vertices":136,
        "type":"Geometry"
    },